{"content":[{"id":"67ae7b11","settings":{"content_width":"full","min_height":{"unit":"vh","size":100,"sizes":[]},"min_height_tablet":{"unit":"vh","size":"","sizes":[]},"min_height_mobile":{"unit":"vh","size":"","sizes":[]},"background_background":"classic","background_image":{"url":"","id":"","size":"","alt":"Surfers walk on Second Beach in the Olympic Coast National Marine Sanctuary. Credit; Matt McIntosh, ONMS\/NOAA","source":"library"},"background_attachment":"fixed","background_repeat":"no-repeat","background_size":"cover","padding":{"unit":"custom","top":"50vh","right":"10vw","bottom":"50vh","left":"10vw","isLinked":false},"padding_tablet":{"unit":"custom","top":"","right":"","bottom":"","left":"","isLinked":true},"padding_mobile":{"unit":"custom","top":"50vh","right":"5vw","bottom":"50vh","left":"5vw","isLinked":false},"motion_fx_range":"viewport","_title":"Content Right Fade-in","dce_visibility_favorites_key":"my_favorites","flex_justify_content":"center"},"elements":[{"id":"7c5e9fd8","settings":{"content_width":"full","min_height":{"unit":"vh","size":100,"sizes":[]},"min_height_tablet":{"unit":"vh","size":"","sizes":[]},"min_height_mobile":{"unit":"vh","size":"","sizes":[]},"flex_justify_content":"center","flex_align_items":"center","background_background":"classic","background_image":{"url":"https:\/\/oceanacidification.noaa.gov\/wp-content\/uploads\/2024\/06\/OpenOcean.webp","id":16447,"size":"","alt":"","source":"library"},"background_attachment":"fixed","background_repeat":"no-repeat","background_size":"cover","background_motion_fx_motion_fx_scrolling":"yes","background_overlay_background":"classic","background_overlay_opacity":{"unit":"px","size":0.3,"sizes":[]},"padding":{"unit":"px","top":"","right":"","bottom":"","left":"","isLinked":false},"position":"fixed","z_index":1,"motion_fx_motion_fx_scrolling":"yes","motion_fx_translateY_direction":"negative","motion_fx_opacity_effect":"yes","motion_fx_scale_effect":"yes","motion_fx_scale_speed":{"unit":"px","size":2,"sizes":[]},"motion_fx_range":"viewport","sticky":"top","_title":"Background Image","__globals__":{"background_overlay_color":"globals\/colors?id=text"},"background_position":"center center","motion_fx_opacity_range":{"unit":"%","size":"","sizes":{"start":0,"end":40}},"dce_visibility_favorites_key":"my_favorites"},"elements":[],"isInner":true,"elType":"container"},{"id":"363b51b4","settings":{"content_width":"full","width":{"unit":"%","size":50,"sizes":[]},"min_height":{"unit":"vh","size":"","sizes":[]},"min_height_tablet":{"unit":"vh","size":"","sizes":[]},"min_height_mobile":{"unit":"vh","size":"","sizes":[]},"flex_justify_content":"flex-start","background_image":{"url":"","id":"","size":"","alt":"","source":"library"},"background_size":"cover","background_overlay_background":"classic","background_overlay_opacity":{"unit":"px","size":0.9,"sizes":[]},"box_shadow_box_shadow_type":"yes","box_shadow_box_shadow":{"horizontal":0,"vertical":0,"blur":10,"spread":0,"color":"rgba(0, 0, 0, 0.3)"},"padding":{"unit":"rem","top":"3","right":"3","bottom":"3","left":"3","isLinked":true},"padding_tablet":{"unit":"rem","top":"","right":"","bottom":"","left":"","isLinked":true},"padding_mobile":{"unit":"rem","top":"","right":"","bottom":"","left":"","isLinked":true},"_offset_orientation_h":"end","_offset_x_end":{"unit":"vw","size":10,"sizes":[]},"_offset_x_end_tablet":{"unit":"vw","size":"","sizes":[]},"_offset_x_end_mobile":{"unit":"vw","size":"","sizes":[]},"_offset_y":{"unit":"rem","size":6,"sizes":[]},"_offset_y_tablet":{"unit":"rem","size":"","sizes":[]},"_offset_y_mobile":{"unit":"rem","size":"","sizes":[]},"z_index":10,"motion_fx_motion_fx_scrolling":"yes","motion_fx_translateY_effect":"yes","motion_fx_translateY_speed":{"unit":"px","size":6.8,"sizes":[]},"motion_fx_scale_speed":{"unit":"px","size":2,"sizes":[]},"_title":"Content","__globals__":{"background_overlay_color":"globals\/colors?id=a16f87a"},"width_tablet":{"unit":"%","size":60,"sizes":[]},"width_mobile":{"unit":"%","size":"","sizes":[]},"dce_visibility_favorites_key":"my_favorites","_flex_align_self":"flex-end"},"elements":[{"id":"5e8feada","settings":{"content_width":"full","editor":"<p>Lorem ipsum dolor sit amet, consectetur adipiscing elit. Ut aliquet fermentum ante at pellentesque. Donec dictum lobortis sapien vitae viverra. Maecenas venenatis, turpis in sollicitudin tincidunt, ex turpis tincidunt lacus, ac cursus nibh sapien et erat. Sed ut libero pretium, convallis justo vitae, pulvinar est. Vestibulum lobortis est id purus condimentum, vitae volutpat purus sodales. Donec cursus quam nibh, at interdum dolor ornare et. Phasellus semper, mauris ut tincidunt tempor, lorem nulla lobortis ante, at fermentum diam lacus quis ex. Phasellus sit amet nulla lectus. Pellentesque habitant morbi tristique senectus et netus et malesuada fames ac turpis egestas.<\/p><p>Sed vitae sollicitudin ex. Aliquam mattis auctor enim hendrerit interdum. Ut nec pellentesque sapien, vel cursus massa. Curabitur non diam convallis, rhoncus quam ut, hendrerit neque. Morbi sodales semper erat, dictum sagittis mauris fringilla at. Praesent ante sapien, volutpat at aliquam ultricies, suscipit sed mi. Integer malesuada facilisis tellus ac suscipit. Vivamus eleifend dolor elit, ac egestas metus efficitur vel.<\/p><p>Vestibulum ante ipsum primis in faucibus orci luctus et ultrices posuere cubilia curae; Suspendisse scelerisque tortor et porttitor blandit. Orci varius natoque penatibus et magnis dis parturient montes, nascetur ridiculus mus. Pellentesque id faucibus mi, sed bibendum tellus. Nulla ornare augue non erat accumsan sagittis non vel dolor. Ut nec porttitor lectus. Etiam porttitor turpis pretium mattis sagittis. Nulla vestibulum faucibus accumsan. Donec orci felis, lacinia sit amet elit congue, commodo elementum massa. Vestibulum quis est maximus, viverra lectus ac, tincidunt ex. Nunc scelerisque felis nisi, vel consectetur purus porttitor sed. Nulla facilisis, lorem eget suscipit tempus, velit ex consectetur velit, in placerat nisi mi sed odio. Nullam suscipit eget ligula iaculis suscipit. Nullam convallis venenatis felis quis sollicitudin. Maecenas fermentum pulvinar est sed semper. Phasellus non odio sagittis, ultrices mauris sit amet, congue nisi.<\/p>","dce_visibility_favorites_key":"my_favorites"},"elements":[],"isInner":false,"widgetType":"text-editor","elType":"widget"}],"isInner":true,"elType":"container"},{"id":"4e470f8c","settings":{"editor":"<p>Background Image:\u00a0<\/p>","text_color":"#02010100","_margin":{"unit":"px","top":"0","right":"0","bottom":"0","left":"0","isLinked":true},"_padding":{"unit":"px","top":"0","right":"0","bottom":"0","left":"0","isLinked":true},"_z_index":3,"dce_visibility_favorites_key":"my_favorites","_title":"Screen Reader BG Info"},"elements":[],"isInner":false,"widgetType":"text-editor","elType":"widget"}],"isInner":false,"elType":"container"}],"page_settings":{"scroll_viewport":"#outer-wrap","scroll_contentScroll":"#wrap"},"version":"0.4","title":"Webstory - Fade Slide - Content Right","type":"container"}