{"content":[{"id":"5e29780d","settings":{"content_width":"full","min_height":{"unit":"vh","size":"","sizes":[]},"min_height_tablet":{"unit":"vh","size":"","sizes":[]},"min_height_mobile":{"unit":"vh","size":"","sizes":[]},"flex_align_items":"center","background_background":"classic","background_image":{"url":"","id":"","size":"","alt":"Surfers walk on Second Beach in the Olympic Coast National Marine Sanctuary. Credit; Matt McIntosh, ONMS\/NOAA","source":"library"},"background_attachment":"fixed","background_repeat":"no-repeat","background_size":"cover","padding":{"unit":"custom","top":"6rem","right":"10vw","bottom":"6rem","left":"10vw","isLinked":false},"padding_tablet":{"unit":"custom","top":"","right":"","bottom":"","left":"","isLinked":true},"padding_mobile":{"unit":"custom","top":"","right":"","bottom":"","left":"","isLinked":true},"motion_fx_range":"viewport","_title":"Credits","z_index":100,"__globals__":{"background_color":"globals\/colors?id=a16f87a"},"dce_visibility_favorites_key":"my_favorites"},"elements":[{"id":"10356dd9","settings":{"title":"Credits:","header_size":"h5","typography_typography":"custom","typography_font_weight":"400","typography_text_transform":"none","dce_visibility_favorites_key":"my_favorites"},"elements":[],"isInner":false,"widgetType":"heading","elType":"widget"},{"id":"600d65df","settings":{"editor":"<p>More credits\/content in this area<\/p>","align":"center","dce_visibility_favorites_key":"my_favorites"},"elements":[],"isInner":false,"widgetType":"text-editor","elType":"widget"},{"id":"3bf0b90b","settings":{"text":"Divider","__globals__":{"color":"globals\/colors?id=accent"},"dce_visibility_favorites_key":"my_favorites"},"elements":[],"isInner":false,"widgetType":"divider","elType":"widget"},{"id":"79bb1b1b","settings":{"image":{"url":"https:\/\/oceanacidification.noaa.gov\/wp-content\/uploads\/2023\/02\/OAP_light_logo.svg","id":284,"size":"","alt":"","source":"library"},"image_size":"full","image_custom_dimension":{"width":"100","height":""},"link_to":"custom","link":{"url":"https:\/\/oceanacidification.noaa.gov","is_external":"","nofollow":"","custom_attributes":""},"width":{"unit":"px","size":150,"sizes":[]},"width_tablet":{"unit":"px","size":"","sizes":[]},"width_mobile":{"unit":"px","size":"","sizes":[]},"dce_visibility_favorites_key":"my_favorites"},"elements":[],"isInner":false,"widgetType":"image","elType":"widget"}],"isInner":false,"elType":"container"}],"page_settings":{"scroll_viewport":"#outer-wrap","scroll_contentScroll":"#wrap"},"version":"0.4","title":"Webstory - Credits","type":"container"}