{"content":[{"id":"6c5cf5ca","settings":{"content_width":"full","min_height":{"unit":"vh","size":100,"sizes":[]},"min_height_tablet":{"unit":"vh","size":"","sizes":[]},"min_height_mobile":{"unit":"vh","size":"","sizes":[]},"overflow":"hidden","background_background":"classic","background_image":{"url":"","id":"","size":"","alt":"Surfers walk on Second Beach in the Olympic Coast National Marine Sanctuary. Credit; Matt McIntosh, ONMS\/NOAA","source":"library"},"background_attachment":"fixed","background_repeat":"no-repeat","background_size":"cover","padding":{"unit":"px","top":"0","right":"0","bottom":"0","left":"0","isLinked":false},"motion_fx_scale_effect":"yes","_title":"Title Slide","width":{"unit":"vw","size":100,"sizes":[]},"width_tablet":{"unit":"vw","size":"","sizes":[]},"width_mobile":{"unit":"vw","size":"","sizes":[]},"dce_visibility_favorites_key":"my_favorites","z_index":3},"elements":[{"id":"24d4dbd","settings":{"content_width":"full","min_height":{"unit":"vh","size":100,"sizes":[]},"min_height_tablet":{"unit":"vh","size":"","sizes":[]},"min_height_mobile":{"unit":"vh","size":"","sizes":[]},"flex_justify_content":"center","flex_align_items":"center","background_background":"classic","background_image":{"url":"https:\/\/oceanacidification.noaa.gov\/wp-content\/uploads\/2017\/12\/20220114-surfers-walking-second-beach-1000.jpg","id":18051,"size":"","alt":"Surfers walk on Second Beach in the Olympic Coast National Marine Sanctuary. Credit; Matt McIntosh, ONMS\/NOAA","source":"library"},"background_size":"cover","background_overlay_background":"classic","background_overlay_opacity":{"unit":"px","size":0.3,"sizes":[]},"padding":{"unit":"custom","top":"6rem","right":"10vw","bottom":"6rem","left":"10vw","isLinked":false},"padding_tablet":{"unit":"custom","top":"","right":"","bottom":"","left":"","isLinked":true},"padding_mobile":{"unit":"custom","top":"","right":"","bottom":"","left":"","isLinked":true},"motion_fx_motion_fx_scrolling":"yes","motion_fx_translateY_effect":"yes","motion_fx_translateY_direction":"negative","_title":"Background","__globals__":{"background_overlay_color":"globals\/colors?id=text"},"dce_visibility_favorites_key":"my_favorites"},"elements":[{"id":"2e0abd68","settings":{"content_width":"full","title":"Title of Webstory","typography_typography":"custom","typography_font_size":{"unit":"custom","size":"clamp(2rem, 1.474rem + 2.807vw, 4rem)","sizes":[]},"typography_font_size_tablet":{"unit":"rem","size":"","sizes":[]},"typography_font_size_mobile":{"unit":"rem","size":"","sizes":[]},"typography_font_weight":"400","typography_text_transform":"none","motion_fx_motion_fx_scrolling":"yes","motion_fx_translateY_effect":"yes","motion_fx_translateY_direction":"negative","motion_fx_translateY_speed":{"unit":"px","size":1,"sizes":[]},"__globals__":{"title_color":"globals\/colors?id=a16f87a"},"align":"center","_css_classes":"webstory-title","dce_visibility_favorites_key":"my_favorites","__dynamic__":{"title":"[elementor-tag id=\"8cccb4f\" name=\"post-title\" settings=\"%7B%7D\"]"},"header_size":"h1"},"elements":[],"isInner":false,"widgetType":"heading","elType":"widget"},{"id":"7d8b4ba9","settings":{"icon_list":[{"selected_icon":{"value":"fas fa-calendar","library":"fa-solid"},"_id":"5e1b3d6","custom_date_format":"F j, Y","custom_time_format":"g:i a","link":"","show_icon":"none"}],"dce_visibility_favorites_key":"my_favorites","__globals__":{"text_color":"globals\/colors?id=a16f87a"}},"elements":[],"isInner":false,"widgetType":"post-info","elType":"widget"},{"id":"778accfc","settings":{"editor":"<p>Background image:<\/p>","text_color":"#02010100","dce_visibility_favorites_key":"my_favorites","_title":"Screen Reader BG Image"},"elements":[],"isInner":false,"widgetType":"text-editor","elType":"widget"}],"isInner":true,"elType":"container"}],"isInner":false,"elType":"container"}],"page_settings":{"scroll_viewport":"#outer-wrap","scroll_contentScroll":"#wrap","hide_title":"yes"},"version":"0.4","title":"Webstory - Title","type":"container"}